method,trial,ate_rmse_m,rpe_rmse_m
amcl,1,0.022162,0.027665
amcl,2,0.016805,0.022659
amcl,3,0.009962,0.025662
als_ros2,1,0.008324,0.004808
als_ros2,2,0.008199,0.004046
als_ros2,3,0.007939,0.005098
slam_toolbox,1,0.008113,0.005630
slam_toolbox,2,0.007895,0.005328
slam_toolbox,3,0.006587,0.005767
cartographer,1,0.009700,0.004232
cartographer,2,0.011906,0.002174
cartographer,3,0.009870,0.002227
mrpt,1,0.237977,0.751836
mrpt,2,0.255802,0.598332
mrpt,3,0.052049,0.046499
